店名,ジャンル,住所,電話番号,定休日,営業時間,URL,媒体
大宮ガーデンファーム 大宮店,ダイニングバー、イタリアン、カフェ,埼玉県さいたま市大宮区大門町1-69 武蔵屋ビル 1F,050-5456-1759,無休,■,https://tabelog.com/saitama/A1101/A110101/11046883/,tabelog
Italianbar ATTACHMENT 2nd 大宮店,イタリアン、ダイニングバー、カフェ,埼玉県さいたま市大宮区桜木町2-159 B1F,050-5872-7438,無休,掲載なし,https://tabelog.com/saitama/A1101/A110101/11057348/,tabelog
アロハテーブル ルミネ大宮,カフェ、バーベキュー、ダイニングバー,埼玉県さいたま市大宮区錦町630 ルミネ大宮店ルミネ2 4F,050-5868-8357,不定休,月〜日：11：00 〜 22：00,https://tabelog.com/saitama/A1101/A110101/11004960/,tabelog
春水堂 ルミネ大宮店,カフェ、スイーツ、台湾料理,埼玉県さいたま市大宮区錦町630 ルミネ大宮1 2F,050-5590-7830,不定休,掲載なし,https://tabelog.com/saitama/A1101/A110101/11043984/,tabelog
カフェレストラン パルテール(パレスホテル大宮),ビュッフェ、洋食、カフェ,埼玉県さいたま市大宮区桜木町1-7-5 パレスホテル大宮 1F,050-5868-3242,無休,掲載なし,https://tabelog.com/saitama/A1101/A110101/11000720/,tabelog
kawara CAFE＆DINING 大宮店,ダイニングバー、居酒屋、カフェ,埼玉県さいたま市大宮区桜木町2-3 DOMショッピングセンターPART1 B1F,050-5869-5609,無休,掲載なし,https://tabelog.com/saitama/A1101/A110101/11032238/,tabelog
SORA,カフェ、サンドイッチ、スイーツ,埼玉県さいたま市大宮区仲町1-80 もりくま4ビル 1F,050-5595-8493,|,掲載なし,https://tabelog.com/saitama/A1101/A110101/11064085/,tabelog
THE PUBLIC COFFEE,カフェ、サンドイッチ、スイーツ,埼玉県さいたま市大宮区宮町1-71-5 マギービル 1F,050-5593-8225,年中無休,掲載なし,https://tabelog.com/saitama/A1101/A110101/11062344/,tabelog
ブッシュウィック グリル さいたま新都心店,カフェ、ダイニングバー、ステーキ,埼玉県さいたま市大宮区吉敷町4-263-1 コクーンシティ コクーン2 1F,050-5593-9695,無休,掲載なし,https://tabelog.com/saitama/A1101/A110101/11044760/,tabelog
駿河屋 大宮そごう店,甘味処、和菓子,埼玉県さいたま市大宮区桜木町1-6-2 そごう大宮店 5F,048-646-2111,不定休,月〜日：10：00 〜 20：00,https://tabelog.com/saitama/A1101/A110101/11000724/,tabelog
FUKUROKUEN CAFE,カフェ、洋食、バー,埼玉県さいたま市大宮区土手町1-33-2 ジェイドパレス 1F,050-5596-8192,|,土・日：15：00〜18：00,https://tabelog.com/saitama/A1101/A110101/11065887/,tabelog
北海道十勝 佃商店,ソフトクリーム、カフェ,埼玉県さいたま市大宮区上小町996,048-871-7720,無休,月・火・木〜日：11：00 〜 19：00,https://tabelog.com/saitama/A1101/A110101/11057932/,tabelog
キッズカフェ,カフェ,埼玉県さいたま市大宮区大成町3-47 鉄道博物館本館1F キッズプラザ内,048-662-2920,|,年末年始）,https://tabelog.com/saitama/A1101/A110103/11044768/,tabelog
BECK'S COFFEE SHOP 大宮新幹線店,カフェ、パン,埼玉県さいたま市大宮区錦町630 大宮駅新幹線改札内待合室,080-3554-1835,無休,月〜日：06：30 〜 21：00,https://tabelog.com/saitama/A1101/A110101/11003878/,tabelog
レモネード・バイ・レモニカ コクーンシティ店,ジューススタンド,埼玉県さいたま市大宮区吉敷町4-263-1,048-782-7822,無休,月〜日：10：00 〜 21：00,https://tabelog.com/saitama/A1101/A110101/11054491/,tabelog
シェ・シブヤ 東町本店,ケーキ、カフェ、マカロン,埼玉県さいたま市大宮区東町2-120-1,048-778-7273,|,掲載なし,https://tabelog.com/saitama/A1101/A110101/11019178/,tabelog
ベルフィオーレカフェ・ビアーレ,カフェ,埼玉県さいたま市大宮区浅間町2-4-1,048-649-1200,無休,月・火・木〜日：09：00 〜 19：15,https://tabelog.com/saitama/A1101/A110101/11018809/,tabelog
グラットン ベアーズ ベーカリー 大宮店,パン、カフェ,埼玉県さいたま市大宮区吉敷町4-263-1 コクーンシティ2 1F,048-788-1023,無休,月〜日：09：00 〜 21：00,https://tabelog.com/saitama/A1101/A110101/11055055/,tabelog
スターバックスコーヒー さいたま新都心 コクーンシティ コクーン2店,カフェ,埼玉県さいたま市大宮区吉敷町4-263-1 コクーン2 2F,048-650-7331,不定休,月〜日：10：00 〜 21：00,https://tabelog.com/saitama/A1101/A110101/11040027/,tabelog
スターバックス コーヒー ルミネ大宮 LUMINE2店,カフェ,埼玉県さいたま市大宮区錦町630 ルミネ大宮店 ルミネ2 3Ｆ,048-648-1107,不定休,月〜日：07：00 〜 23：00,https://tabelog.com/saitama/A1101/A110101/11001942/,tabelog
ウエスト,喫茶店,埼玉県さいたま市大宮区桜木町2-3,048-645-7070,・,月〜日：10：00 〜 20：00,https://tabelog.com/saitama/A1101/A110101/11013461/,tabelog
OTTO,カフェ、ケーキ、パスタ,埼玉県さいたま市大宮区東町2-88-2 橋本ビル 1F,048-871-5868,|,祝日も含め月曜定休となります その他有り ),https://tabelog.com/saitama/A1101/A110101/11038069/,tabelog
スターバックス コーヒー ルミネ大宮 LUMINE1店,カフェ、パン,埼玉県さいたま市大宮区錦町630 ルミネ大宮店 LUMINE1 B1F,048-631-3008,無休,"月〜金：07：00 〜 21：00
土：08：00 〜 21：00
日：08：00 〜 20：30",https://tabelog.com/saitama/A1101/A110101/11046844/,tabelog
ランチ&バー422,たこ焼き、バー、カフェ,埼玉県さいたま市大宮区桜木町2-238-8 梨華ビル1F,,日,"月〜金：11：30 〜 14：30
土・日・祝日：16：30 〜 00：00",https://tabelog.com/saitama/A1101/A110101/11048716/,tabelog
ベーカリーアンドスタジオアンク,パン、カフェ,埼玉県さいたま市大宮区吉敷町1-112-4 1F,048-607-7728,|,掲載なし,https://tabelog.com/saitama/A1101/A110101/11028763/,tabelog
カフェ アレトロ,喫茶店,埼玉県さいたま市大宮区宮町1-27 大栄橋下,048-641-1145,土日祝祭日第一火曜日第四火曜日第五火曜日,月〜金：11：00 〜 17：00,https://tabelog.com/saitama/A1101/A110101/11041055/,tabelog
サントリーバー山崎 大宮店,バー、カフェ、パブ,埼玉県さいたま市大宮区仲町1-94,048-644-6618,無休,掲載なし,https://tabelog.com/saitama/A1101/A110101/11017948/,tabelog
マンゴツリーカフェ ルミネ大宮,タイ料理、アジア・エスニック、カフェ,埼玉県さいたま市大宮区錦町630 ルミネ大宮2 4F,048-644-2002,無休,月〜日・祝日：11：00 〜 22：00,https://tabelog.com/saitama/A1101/A110101/11033271/,tabelog
ドトール珈琲農園 大宮駅東口店,カフェ,埼玉県さいたま市大宮区大門町1-94 やすなビル 2F,048-643-2665,無休,掲載なし,https://tabelog.com/saitama/A1101/A110101/11047073/,tabelog
スターバックスコーヒー エキュート大宮ノース店,カフェ、パン,埼玉県さいたま市大宮区錦町630 エキュート大宮ノース,048-729-7418,無休,"月〜金：06：30 〜 22：30
土・日・祝日：06：30 〜 21：30
月〜金：6：30〜22：30
土・日・祝日：6：30〜21：30",https://tabelog.com/saitama/A1101/A110101/11055725/,tabelog
タリーズコーヒー 大宮ソニックシティー店,カフェ,埼玉県さいたま市大宮区桜木町1-7-5,048-658-5020,無休,"月〜金：07：30 〜 19：00
土：08：00 〜 19：00
日：09：00 〜 19：00",https://tabelog.com/saitama/A1101/A110101/11018239/,tabelog
オルタナティブラウンジ,カフェ、ダイニングバー、バル,埼玉県さいたま市大宮区宮町4-2 大宮田中第二ビル 1F,048-788-2417,不定休,掲載なし,https://tabelog.com/saitama/A1101/A110101/11038617/,tabelog
GODIVA cafe Omiya,カフェ,埼玉県さいたま市大宮区錦町630 エキュート大宮,048-782-5020,無休,"月〜金：07：00 〜 22：00
土・日・祝日：07：00 〜 21：00",https://tabelog.com/saitama/A1101/A110101/11056647/,tabelog
ALL MY TEA 大宮店,ティースタンド、カフェ,埼玉県さいたま市大宮区大門町2-13-3,048-657-8345,無休,"月：12：00 〜 17：00
火〜土：10：00 〜 19：00
日：12：00 〜 18：00",https://tabelog.com/saitama/A1101/A110101/11056515/,tabelog
洋風ごはん α,洋食、カフェ,埼玉県さいたま市大宮区桜木町1-177,048-643-3900,|,掲載なし,https://tabelog.com/saitama/A1101/A110101/11041957/,tabelog
カフェパティオ,レストラン、カフェ,埼玉県さいたま市大宮区高鼻町4-219 埼玉県立歴史と民俗の博物館 2F,048-641-0890,|,火〜日・祝日：10：30 〜 16：00,https://tabelog.com/saitama/A1101/A110101/11035861/,tabelog
ドトールコーヒーショップ 大宮ソニックシティ前店,喫茶店、カフェ,埼玉県さいたま市大宮区桜木町2-194,048-650-8777,無休,月〜日・祝日：08：00 〜 21：00,https://tabelog.com/saitama/A1101/A110101/11018240/,tabelog
マナワ カフェ,カフェ,埼玉県さいたま市大宮区高鼻町3-119-1,,無休,木〜日：11：00 〜 17：00,https://tabelog.com/saitama/A1101/A110101/11052423/,tabelog
紅茶屋さん,カフェ、カレー、スリランカ料理,埼玉県さいたま市大宮区三橋4-233-2,048-622-5931,不定休,"月〜日：10：00 〜 18：00
月〜日：10：00〜18：00
月〜日：11：00〜17：00
月〜日：12：00〜14：00",https://tabelog.com/saitama/A1101/A110101/11035735/,tabelog
トマキュウレモン,喫茶店、パスタ,埼玉県さいたま市大宮区宮町1-96,048-641-5576,無休,月〜土：11：00 〜 20：00,https://tabelog.com/saitama/A1101/A110101/11040090/,tabelog
こなな ルミネ大宮店,パスタ、カフェ、スイーツ,埼玉県さいたま市大宮区錦町630 ルミネ大宮店 ルミネ2 1F,048-783-4001,無休,掲載なし,https://tabelog.com/saitama/A1101/A110101/11050245/,tabelog
シナグロ オーガニックサラダ＆カフェ そごう大宮店,オーガニック、カフェ,埼玉県さいたま市大宮区桜木町1-6-2 そごう大宮店3F,048-788-1660,年中無休,掲載なし,https://tabelog.com/saitama/A1101/A110101/11047289/,tabelog
伯爵邸,喫茶店、ダイニングバー、レストラン,埼玉県さいたま市大宮区宮町1-46,048-644-3998,年中無休,24時間営業,https://tabelog.com/saitama/A1101/A110101/11004654/,tabelog
いしがまやハンバーグ さいたま新都心,ハンバーグ、ステーキ、パンケーキ,埼玉県さいたま市大宮区吉敷町4-263-1 cocoon2 1F,048-643-5258,不定休,掲載なし,https://tabelog.com/saitama/A1101/A110101/11039377/,tabelog
氷川だんご屋,甘味処、和菓子、かき氷,埼玉県さいたま市大宮区高鼻町2-12,048-644-3782,|,火〜日：09：30 〜 18：30,https://tabelog.com/saitama/A1101/A110101/11053049/,tabelog
UCCカフェメルカード 大宮そごう店,カフェ,埼玉県さいたま市大宮区桜木町1-6-2 そごう大宮店 B1F,048-648-1328,日,月〜日：10：00 〜 20：00,https://tabelog.com/saitama/A1101/A110101/11024813/,tabelog
ドトールコーヒーショップ 大宮駅前店,カフェ,埼玉県さいたま市大宮区桜木町1-8-1 ビリーブオフィスオオミヤ 1F,048-647-5707,無休,"月〜金：07：00 〜 21：00
土・日・祝日：08：00 〜 21：00",https://tabelog.com/saitama/A1101/A110101/11043099/,tabelog
喫茶 リビエラ 大宮タカシマヤ店,喫茶店,埼玉県さいたま市大宮区大門町1-32 高島屋大宮店 8F,048-643-1111,無休,掲載なし,https://tabelog.com/saitama/A1101/A110101/11044432/,tabelog
スターバックスコーヒー さいたま新都心コクーンシティ コクーン1店,カフェ,埼玉県さいたま市大宮区吉敷町4-267-2 コクーンシティ,048-711-5991,不定休,月〜日：07：00 〜 22：30,https://tabelog.com/saitama/A1101/A110101/11053740/,tabelog
新宿高野 大宮そごう店,ケーキ、ジューススタンド、フルーツパーラー,埼玉県さいたま市大宮区桜木町1-6-2 そごう大宮店 B1F,048-646-2341,無休,月〜日：10：00 〜 20：00,https://tabelog.com/saitama/A1101/A110101/11022301/,tabelog
エッグスンシングス さいたま新都心店,パンケーキ、ハワイ料理、カフェ,埼玉県さいたま市大宮区吉敷町4-263-1 コクーンシティコクーン2 1F,048-788-1151,日,掲載なし,https://tabelog.com/saitama/A1101/A110101/11038852/,tabelog
スターバックス コーヒー 大宮マルイ店,カフェ、パン,埼玉県さいたま市大宮区桜木町2-3 大宮マルイ 1F,048-650-3531,無休,月〜日：08：00 〜 22：00,https://tabelog.com/saitama/A1101/A110101/11030500/,tabelog
Haus Coffee,カフェ,埼玉県さいたま市大宮区櫛引町1-860-67 フォープラスワン 1F,048-788-2232,無休,"月〜水・金：09：00 〜 17：00
土・日・祝日：10：00 〜 18：00",https://tabelog.com/saitama/A1101/A110101/11065880/,tabelog
カフェ & ダイニング シャチ,カフェ、パスタ、ダイニングバー,埼玉県さいたま市大宮区東町2-289-1 グリーンマンション 1F,048-646-5697,不定休,掲載なし,https://tabelog.com/saitama/A1101/A110101/11053920/,tabelog
エプロント ルミネ大宮店,カフェ、パン、バー,埼玉県さいたま市大宮区錦町630 ルミネ2 西口別館 2F,048-645-3577,無休,掲載なし,https://tabelog.com/saitama/A1101/A110101/11045984/,tabelog
サロン・ドゥ・カフェ,カフェ,埼玉県さいたま市大宮区桜木町1-7-5 パレスホテル大宮 1F,048-647-3300,無休,月〜日：10：00 〜 18：00,https://tabelog.com/saitama/A1101/A110101/11000721/,tabelog
青山フロマージュ エキュート大宮ノース,ケーキ、ソフトクリーム、カフェ,埼玉県さいたま市大宮区錦町630 エキュート大宮ノース,048-645-5110,無休,"月〜土：08：00 〜 22：00
日・祝日：08：00 〜 20：30
土・日：8：00〜22：00
日・祝日：8：00〜20：30",https://tabelog.com/saitama/A1101/A110101/11052849/,tabelog
THE ALLEY ルミネ大宮店,ティースタンド、スイーツ,埼玉県さいたま市大宮区錦町630 ルミネ大宮店 ルミネ2 1F,048-780-2082,無休,"月〜土：10：00 〜 21：00
日・祝日：10：00 〜 20：30",https://tabelog.com/saitama/A1101/A110101/11050546/,tabelog
レイルウェイクラブ,カフェ、バー,埼玉県さいたま市大宮区錦町630 JR大宮駅西口改札,048-650-0895,無休,掲載なし,https://tabelog.com/saitama/A1101/A110101/11049944/,tabelog
ホリデー コーヒー,カフェ、パン,埼玉県さいたま市大宮区寿能町1-8,048-644-2914,|,"月・木〜日：11：00 〜 17：00
火・水：11：00〜11：30",https://tabelog.com/saitama/A1101/A110101/11040142/,tabelog
アフタヌーンティー・ティールーム 大宮ルミネ店,カフェ,埼玉県さいたま市大宮区錦町630 ルミネ大宮店 ルミネ2 1Ｆ,048-650-0883,不定休,掲載なし,https://tabelog.com/saitama/A1101/A110101/11002366/,tabelog
ヨリミチ,カフェ、日本酒バー,埼玉県さいたま市大宮区桜木町2-491-2 POST OMIYA 1F,070-3112-0027,|,"月・火・木〜土：11：30 〜 15：00
日：17：00 〜 22：00
日：12：00 〜 20：00",https://tabelog.com/saitama/A1101/A110101/11057125/,tabelog
常盤珈琲焙煎所 ルミネ大宮店,コーヒースタンド,埼玉県さいたま市大宮区錦町630 ルミネ大宮店,,無休,掲載なし,https://tabelog.com/saitama/A1101/A110101/11063296/,tabelog
ブルーバードカフェ,カフェ、洋菓子、喫茶店,埼玉県さいたま市大宮区寿能町1-16-11,080-5530-3894,無休,"火・水：12：00 〜 16：00
土・日：12：00 〜 17：00",https://tabelog.com/saitama/A1101/A110101/11050727/,tabelog
モンスーンカフェ さいたま新都心,タイ料理、アジア・エスニック、カフェ,埼玉県さいたま市大宮区吉敷町4-263-1 コクーンシティ コクーン2,050-5444-9871,無休,掲載なし,https://tabelog.com/saitama/A1101/A110101/11047233/,tabelog
サザコーヒー エキュート大宮店,カフェ,埼玉県さいたま市大宮区錦町630 エキュート大宮,0120-37-1151,不定休,"月〜土：06：30 〜 22：00
日・祝日：06：30 〜 21：30",https://tabelog.com/saitama/A1101/A110101/11004369/,tabelog
HUMANITIES CAFE fudoki,ダイニングバー、カフェ,埼玉県さいたま市大宮区大門町1-63 栗橋ビル 1F b号,048-729-6088,|,掲載なし,https://tabelog.com/saitama/A1101/A110101/11060739/,tabelog
星乃珈琲店 コクーンシティさいたま新都心店,喫茶店,埼玉県さいたま市大宮区吉敷町4-267-2 コクーン新都心 北館 2F,048-816-4666,不定休,掲載なし,https://tabelog.com/saitama/A1101/A110101/11057772/,tabelog
ガトーフェスタ ハラダ コクーンシティ さいたま新都心店,カフェ、洋菓子,埼玉県さいたま市大宮区吉敷町4-263-1 コクーンシティ コクーン2 1F,048-788-4707,日,月〜日：10：00 〜 20：00,https://tabelog.com/saitama/A1101/A110101/11055223/,tabelog
星乃珈琲店 大宮東口店,カフェ,埼玉県さいたま市大宮区大門町1-19-1 アルシェキューブ 2F,048-776-9760,無休,掲載なし,https://tabelog.com/saitama/A1101/A110101/11047421/,tabelog
ペルシアンカフェ SHURU,カフェ、中東料理,埼玉県さいたま市大宮区桜木町2-455-2 前原ビル 3F,048-653-8992,無休,掲載なし,https://tabelog.com/saitama/A1101/A110101/11063317/,tabelog
大村庵 大宮氷川大社店,そば、日本料理、甘味処,埼玉県さいたま市大宮区高鼻町2-281,048-644-2480,年中無休,月〜日：11：00 〜 21：00,https://tabelog.com/saitama/A1101/A110101/11003999/,tabelog
maru,カフェ、カレー,埼玉県さいたま市大宮区北袋町1-236,090-9383-1510,|,掲載なし,https://tabelog.com/saitama/A1101/A110101/11034302/,tabelog
DAiSY エキュート大宮店,パン、カフェ,埼玉県さいたま市大宮区錦町630 JR大宮駅 南口改札内 エキュート大宮内,090-6549-2778,無休,掲載なし,https://tabelog.com/saitama/A1101/A110101/11051417/,tabelog
キャピタルコーヒー 高島屋大宮店,コーヒースタンド,埼玉県さいたま市大宮区大門町1-32 高島屋大宮店 B1F,048-643-6566,無休,掲載なし,https://tabelog.com/saitama/A1101/A110101/11044267/,tabelog
いね,喫茶店,埼玉県さいたま市大宮区大門町3-37,048-642-6170,無休,月〜土：11：00 〜 22：00,https://tabelog.com/saitama/A1101/A110101/11018453/,tabelog
カフェ・ベローチェ 大宮店,喫茶店,埼玉県さいたま市大宮区桜木町1-11-1 YK-10ビル 1F,048-650-6005,無休,"月〜木：07：00 〜 22：00
金〜日：07：00 〜 21：00",https://tabelog.com/saitama/A1101/A110101/11014897/,tabelog
タリーズコーヒー ルミネ大宮LUMINE1店,カフェ,埼玉県さいたま市大宮区錦町630 ルミネ大宮店 LUMINE1 6F,048-729-8691,無休,"月〜金：10：00 〜 21：00
土・日：10：00 〜 20：30",https://tabelog.com/saitama/A1101/A110101/11060436/,tabelog
リンツ ショコラ ブティック＆カフェ コクーンシティ店,チョコレート、カフェ、ケーキ,埼玉県さいたま市大宮区吉敷町4-267-2 コクーン1 西館 2F,048-767-8742,不定休,日：10：00 〜 21：00,https://tabelog.com/saitama/A1101/A110101/11056598/,tabelog
ドトールコーヒーショップ 大宮ラクーン店,カフェ,埼玉県さいたま市大宮区宮町1-60 大宮ラクーン 1F,048-646-0006,不定休,"月〜金：07：30 〜 22：00
土・日・祝日：08：00 〜 22：00",https://tabelog.com/saitama/A1101/A110101/11036891/,tabelog
ブックス＆カフェ ＵＣＣ そごう大宮店,カフェ、スイーツ,埼玉県さいたま市大宮区桜木町1-6-2 そごう大宮店 8F,048-631-2181,無休,月〜日：10：00 〜 20：00,https://tabelog.com/saitama/A1101/A110101/11004316/,tabelog
カフェOB 大宮西口店,カフェ,埼玉県さいたま市大宮区錦町591,080-3716-4386,無休,月〜日：10：00 〜 19：00,https://tabelog.com/saitama/A1101/A110101/11032759/,tabelog
アルピーノお菓子やさん 工房本店,ケーキ、カフェ,埼玉県さいたま市大宮区北袋町1-130,048-647-8805,火曜日、第,月・水〜日・祝日：10：00 〜 18：00,https://tabelog.com/saitama/A1101/A110101/11002019/,tabelog
カフェ ド チュラ,イタリアン、カフェ、レストラン,埼玉県さいたま市大宮区桜木町1-10-18 シーノ大宮センタープラザ １Ｆ,048-641-9998,無休,"月〜金：09：00 〜 23：00
土・日：12：00 〜 23：00
月〜日：11：00〜15：00
月〜日：11：00〜23：00",https://tabelog.com/saitama/A1101/A110101/11001707/,tabelog
ロッカ,喫茶店,埼玉県さいたま市大宮区宮町1-69,,無休,掲載なし,https://tabelog.com/saitama/A1101/A110101/11013577/,tabelog
喫茶 湊,喫茶店,埼玉県さいたま市大宮区天沼町1-81-4,,無休,"月〜金：11：30 〜 17：00
土・日：11：30 〜 18：00",https://tabelog.com/saitama/A1101/A110101/11050678/,tabelog
ドトールコーヒーショップ ekismさいたま新都心店,カフェ,埼玉県さいたま市大宮区吉敷町4-262-18,048-711-4113,無休,"月〜金：07：00 〜 21：00
土・日・祝日：08：00 〜 21：00",https://tabelog.com/saitama/A1101/A110101/11065733/,tabelog
ブローニュ・カフェ・大宮,カフェ、パン,埼玉県さいたま市大宮区宮町1-71-8,048-644-6667,|,火〜日：11：30 〜 20：30,https://tabelog.com/saitama/A1101/A110101/11031935/,tabelog
京はやしや そごう大宮店,甘味処,埼玉県さいたま市大宮区桜木町1-6-2 そごう大宮店 9F,048-782-8857,無休,掲載なし,https://tabelog.com/saitama/A1101/A110101/11045604/,tabelog
BECK'S COFFEE SHOP 大宮店,カフェ,埼玉県さいたま市大宮区錦町630 JR大宮駅,080-3213-4985,無休,月〜日：06：30 〜 22：30,https://tabelog.com/saitama/A1101/A110101/11062492/,tabelog
コメダ珈琲店 丸井大宮店,喫茶店,埼玉県さいたま市大宮区桜木町2-3 大宮マルイ 3F,048-657-8448,日,月〜日：07：00 〜 23：00,https://tabelog.com/saitama/A1101/A110101/11048266/,tabelog
ひまつぶし,喫茶店,埼玉県さいたま市大宮区桜木町2-7-6,048-645-9324,無休,月〜日：09：00 〜 20：30,https://tabelog.com/saitama/A1101/A110101/11013529/,tabelog
シナボン・シアトルズベストコーヒー 大宮マルイ店,カフェ,埼玉県さいたま市大宮区桜木町2-3 丸井大宮店 1F,048-642-0101,無休,月〜日：10：30 〜 20：00,https://tabelog.com/saitama/A1101/A110101/11056870/,tabelog
DONQ ルミネ大宮店,パン、サンドイッチ、カフェ,埼玉県さいたま市大宮区錦町630 ルミネ大宮店 ルミネ1 1Ｆ,048-644-5527,不定休,"月〜金：08：00 〜 21：00
土：10：00 〜 21：00
日・祝日：10：00 〜 20：30",https://tabelog.com/saitama/A1101/A110101/11003543/,tabelog
メロウ ブラウン コーヒー さいたま新都心店,カフェ、パンケーキ,埼玉県さいたま市大宮区吉敷町4-263-1 コクーン2 2F,050-5594-3624,年中無休,掲載なし,https://tabelog.com/saitama/A1101/A110101/11039053/,tabelog
タリーズコーヒー SELECT ニューシャトル大宮店,カフェ,埼玉県さいたま市大宮区錦町685-1,048-788-1021,無休,"月〜金：07：00 〜 21：00
土・日：08：00 〜 21：00",https://tabelog.com/saitama/A1101/A110101/11065071/,tabelog
TULLY'S COFFEE&TEA 大宮DOM店,カフェ,埼玉県さいたま市大宮区桜木町2-3 DOM 1F,048-780-2947,無休,月〜日：08：00 〜 22：00,https://tabelog.com/saitama/A1101/A110101/11062942/,tabelog
カフェ ザ ブーケ,プリン、カフェ、スイーツ,埼玉県さいたま市大宮区吉敷町4-263-1 コクーンシティ コクーン2 1F,048-788-3567,不定休,掲載なし,https://tabelog.com/saitama/A1101/A110101/11039122/,tabelog
KUA`AINA さいたま新都心店,ハンバーガー、サンドイッチ、パンケーキ,埼玉県さいたま市大宮区吉敷町4-267-2 コクーンシティ コクーン1 2F,048-600-4900,不定休,掲載なし,https://tabelog.com/saitama/A1101/A110101/11000364/,tabelog
不二家　 大宮北袋店,洋食、カフェ、ケーキ,埼玉県さいたま市大宮区北袋町1-216-1,048-644-2733,無休,月〜日：10：00 〜 00：00,https://tabelog.com/saitama/A1101/A110101/11021477/,tabelog
SLB CAFE,カフェ、ビアバー,埼玉県さいたま市大宮区宮町1-1-1,,無休,掲載なし,https://tabelog.com/saitama/A1101/A110101/11066711/,tabelog
タリーズコーヒー ルミネ大宮LUMINE2 改札内店,カフェ,埼玉県さいたま市大宮区錦町630 ルミネ大宮LUMINE2 1F,048-782-7940,無休,月〜日：06：45 〜 22：00,https://tabelog.com/saitama/A1101/A110101/11046842/,tabelog
バーガーズカフェビーチ ストーリー,ハンバーガー、カフェ、バー,埼玉県さいたま市大宮区大門町2-108,048-782-6810,無休,掲載なし,https://tabelog.com/saitama/A1101/A110101/11024178/,tabelog
カフェ・ナポリ,喫茶店,埼玉県さいたま市大宮区寿能町1-37,048-642-6687,無休,掲載なし,https://tabelog.com/saitama/A1101/A110101/11013470/,tabelog
アップコーヒー,カフェ,埼玉県さいたま市大宮区吉敷町2-123,,無休,月・水〜日：09：00 〜 17：00,https://tabelog.com/saitama/A1101/A110101/11053006/,tabelog
あるぴぃの村 お菓子やさん コクーンシティ店,ケーキ、洋菓子、カフェ,埼玉県さいたま市大宮区吉敷町4-263-1 コクーン２,048-788-1111,無休,月〜日：10：00 〜 21：00,https://tabelog.com/saitama/A1101/A110101/11039105/,tabelog
リモーネ,喫茶店,埼玉県さいたま市大宮区桜木町4-69-4,,無休,掲載なし,https://tabelog.com/saitama/A1101/A110101/11044884/,tabelog
喫茶トリコロール 高島屋大宮店,喫茶店、カフェ,埼玉県さいたま市大宮区大門町1-32 高島屋大宮店 4F,048-643-1272,無休,掲載なし,https://tabelog.com/saitama/A1101/A110101/11054595/,tabelog
幸せのパンケーキ 大宮店,カフェ、パンケーキ、ケーキ,埼玉県さいたま市大宮区桜木町2-1-1 アルシェ 3F,048-644-5281,不定休,掲載なし,https://tabelog.com/saitama/A1101/A110101/11059014/,tabelog
甘味処 鎌倉 大宮一の宮通り店,甘味処,埼玉県さいたま市大宮区宮町2-5 宮下ビル 1F,048-788-3283,不定休,月〜日：10：30 〜 18：30,https://tabelog.com/saitama/A1101/A110101/11053074/,tabelog
高倉町珈琲 大宮店,カフェ,埼玉県さいたま市大宮区浅間町2-304-1,048-783-5690,無休,掲載なし,https://tabelog.com/saitama/A1101/A110101/11051294/,tabelog
コメダ珈琲店 大宮上小町店,喫茶店,埼玉県さいたま市大宮区上小町57-1,048-788-3272,無休,月〜日：07：00 〜 23：00,https://tabelog.com/saitama/A1101/A110101/11039893/,tabelog
カフェ・ベローチェ 大宮大門町店,喫茶店、カフェ、パン,埼玉県さいたま市大宮区大門町2-22-1 TAiGAビル B1F,048-644-4561,無休,月〜日：07：00 〜 23：00,https://tabelog.com/saitama/A1101/A110101/11039022/,tabelog
kico,パン、サンドイッチ、カフェ,埼玉県さいたま市大宮区高鼻町2-1-1 Bibli 1F,048-776-9656,無休,火・水・金〜日：11：00 〜 17：00,https://tabelog.com/saitama/A1101/A110101/11057504/,tabelog
ラ・メゾン アンソレイユターブル ルミネ大宮店,カフェ、ケーキ、ヨーロッパ料理,埼玉県さいたま市大宮区錦町630 ルミネ大宮店 ルミネ2 5F,048-646-3309,不定休,掲載なし,https://tabelog.com/saitama/A1101/A110101/11003330/,tabelog
氷川町家いろはcafé,カフェ,埼玉県さいたま市大宮区高鼻町1-188-1,048-871-6773,無休,掲載なし,https://tabelog.com/saitama/A1101/A110101/11066723/,tabelog
コーヒー＆レストラン信濃,食堂、カフェ,埼玉県さいたま市大宮区三橋2-945,048-641-6210,|,火〜日：08：00 〜 20：00,https://tabelog.com/saitama/A1101/A110101/11017613/,tabelog
エクセルシオール カフェ コクーン新都心店,カフェ,埼玉県さいたま市大宮区吉敷町4丁目267-2 コクーン新都心 2F,048-601-0488,日,月〜日：09：30 〜 23：00,https://tabelog.com/saitama/A1101/A110101/11004298/,tabelog
ゴンチャ 大宮東口店,ティースタンド,埼玉県さいたま市大宮区大門町1-94 第三やすなビル,048-782-6327,無休,月〜日：10：00 〜 22：00,https://tabelog.com/saitama/A1101/A110101/11062080/,tabelog
大宮コーヒーロースターズ oasis,カフェ,埼玉県さいたま市大宮区桜木町2-491-2 postomiya2号棟 1F,048-782-8776,不定休,"月・水：11：00 〜 18：00
火・木〜日：11：00 〜 22：00
月：11：00〜18：00
火〜日：11：00〜22：00",https://tabelog.com/saitama/A1101/A110101/11057230/,tabelog
ease,ダイニングバー、ビアバー、カフェ,埼玉県さいたま市大宮区桜木町1-195-1 大宮ソラミチKOZ 1F,048-783-3403,無休,月〜日：11：00 〜 23：00,https://tabelog.com/saitama/A1101/A110101/11061031/,tabelog
果汁工房 果琳 コクーン2店,ジューススタンド,埼玉県さいたま市大宮区吉敷町4-263-1 コクーンシティ コクーン2 1F,048-788-1040,不定休,掲載なし,https://tabelog.com/saitama/A1101/A110101/11039125/,tabelog
エプロント 大宮区役所店,カフェ,埼玉県さいたま市大宮区吉敷町1-124-1 大宮区役所敷地内,048-729-6789,無休,"月〜金：08：00 〜 19：00
土・日・祝日：09：00 〜 18：00",https://tabelog.com/saitama/A1101/A110101/11050494/,tabelog
ドトールコーヒーショップ 大宮門街店,カフェ,埼玉県さいたま市大宮区大門町2-118,048-657-8968,無休,"月〜金：07：00 〜 21：00
土・日・祝日：07：30 〜 21：00",https://tabelog.com/saitama/A1101/A110101/11062446/,tabelog
常盤珈琲焙煎所 コクーンシティ店,コーヒースタンド,埼玉県さいたま市大宮区吉敷町4-263-1 コクーン3 1F,048-729-6663,無休,月〜日：10：00 〜 21：00,https://tabelog.com/saitama/A1101/A110101/11053953/,tabelog
茜屋珈琲店 大宮店,喫茶店,埼玉県さいたま市大宮区大門町2-22-1 TAiGAビル 4F,048-644-2411,無休,月〜日・祝日：11：00 〜 21：00,https://tabelog.com/saitama/A1101/A110101/11004397/,tabelog
ベーカリー＆カフェ カスカード 大宮マルイ店,パン、カフェ、サンドイッチ,埼玉県さいたま市大宮区桜木町2-3 大宮マルイ 1F,048-871-7801,無休,"月〜土：08：00 〜 21：00
日・祝日：08：00 〜 20：30",https://tabelog.com/saitama/A1101/A110101/11047854/,tabelog
氷川茶庭,喫茶店,埼玉県さいたま市大宮区高鼻町1-407 氷川神社敷地,,・不定休,"月：10：00 〜 18：00
月：10：00〜18：00
月：10：00〜16：00",https://tabelog.com/saitama/A1101/A110101/11064339/,tabelog
フレッシュネスバーガー コクーンシティさいたま新都心店,ハンバーガー、カフェ,埼玉県さいたま市大宮区吉敷町4-263-1 コクーンシティ2 3F コクーンシティキッチン,048-788-1056,不定休,月〜日：10：00 〜 21：00,https://tabelog.com/saitama/A1101/A110101/11041215/,tabelog
cafe CERVIN,カフェ、ケーキ、パスタ,埼玉県さいたま市大宮区高鼻町1-56 NRK大宮 1F,048-708-5284,|,掲載なし,https://tabelog.com/saitama/A1101/A110101/11060774/,tabelog
一汁一菜ごはん 御御御,食堂、カフェ、日本料理,埼玉県さいたま市大宮区錦町630 ルミネ大宮店ルミネ2 4F,048-631-1030,不定休,掲載なし,https://tabelog.com/saitama/A1101/A110101/11045622/,tabelog
椿屋茶房 大宮店,喫茶店,埼玉県さいたま市大宮区桜木町1-6-2 そごう大宮店 1F,048-871-8334,無休,掲載なし,https://tabelog.com/saitama/A1101/A110101/11066340/,tabelog
小春日和,パン、ベーグル、カフェ,埼玉県さいたま市大宮区堀の内町3-39-1,048-648-5614,無休,火〜金：10：30 〜 16：30,https://tabelog.com/saitama/A1101/A110101/11004747/,tabelog
ゴンチャ アルシェ大宮店,ティースタンド、スイーツ、タピオカ,埼玉県さいたま市大宮区桜木町2-1-1 大宮アルシェ 2F,048-871-7702,無休,月〜日：10：00 〜 21：00,https://tabelog.com/saitama/A1101/A110101/11050547/,tabelog
フレスコ,バー、カフェ,埼玉県さいたま市大宮区仲町2-17 第2小島ビル 1F,048-649-2675,年中無休,"月〜土：08：00 〜 03：00
日・祝日：08：00 〜 01：00
月〜日：8：00〜18：00
月〜土：11：00〜14：00
月〜土：18：00〜3：00
日・祝日：18：00〜1：00",https://tabelog.com/saitama/A1101/A110101/11001770/,tabelog
氷川参道カフェ いやしろ,カフェ,埼玉県さいたま市大宮区吉敷町3-48-1,048-715-0623,無休,掲載なし,https://tabelog.com/saitama/A1101/A110101/11053540/,tabelog
サンドイッチカフェ おいしいメルヘン。 ecute大宮店,サンドイッチ、カフェ,埼玉県さいたま市大宮区錦町630 ecute大宮,048-648-8666,不定休,月〜日：07：00 〜 22：30,https://tabelog.com/saitama/A1101/A110101/11040002/,tabelog
GREAT ESCAPE,ハンバーガー、カフェ、バー,埼玉県さいたま市大宮区桜木町2-389 第17松ビル 1F,048-729-5487,|,夏季休暇 年末年始休暇の場合がございます月曜日ディナ〜はとなります,https://tabelog.com/saitama/A1101/A110101/11037870/,tabelog
熊谷珈琲,喫茶店、カフェ,埼玉県さいたま市大宮区浅間町2-46 浅間町ハウス 1F,048-607-5432,無休,"火〜金：10：00 〜 19：00
土・日・祝日：07：00 〜 19：00",https://tabelog.com/saitama/A1101/A110101/11021262/,tabelog
BLOOMY'S×Flory,カフェ,埼玉県さいたま市大宮区大門町2-118 大宮門街EAST 2F,048-729-4096,無休,月〜日：10：00 〜 20：00,https://tabelog.com/saitama/A1101/A110101/11058224/,tabelog
オール ザット コーヒーワークス,カフェ,埼玉県さいたま市大宮区土手町2-35,048-708-8483,|,月・水〜日：12：00 〜 18：00,https://tabelog.com/saitama/A1101/A110101/11045815/,tabelog
アリー コーヒー,カフェ、喫茶店,埼玉県さいたま市大宮区下町2-72 1F,048-871-6551,|,火〜日・祝日：09：00 〜 18：00,https://tabelog.com/saitama/A1101/A110101/11041840/,tabelog
BECK'S COFFEE SHOP さいたま新都心店,カフェ,埼玉県さいたま市大宮区吉敷町4-57-3 さいたま新都心駅改札内,080-3723-2396,年中無休,"月〜金：06：45 〜 21：00
土・日・祝日：07：00 〜 20：00",https://tabelog.com/saitama/A1101/A110101/11014638/,tabelog
おぼんdeごはん コクーンシティ店,カフェ、食堂,埼玉県さいたま市大宮区吉敷町4-263-1 コクーン2 1F,048-788-1196,年中無休,月〜日：11：00 〜 23：00,https://tabelog.com/saitama/A1101/A110101/11040718/,tabelog
甘味屋 田むら,甘味処,埼玉県さいたま市大宮区錦町630 ルミネ大宮店 ルミネ2 4Ｆ,048-645-7355,不定休,掲載なし,https://tabelog.com/saitama/A1101/A110101/11048041/,tabelog
スターバックス コーヒー 大宮西口店,カフェ、パン,埼玉県さいたま市大宮区桜木町1-1-12 NYビル 1F,048-647-4882,無休,月〜日：07：00 〜 22：00,https://tabelog.com/saitama/A1101/A110101/11001949/,tabelog
常盤珈琲焙煎所 大宮本店,コーヒースタンド,埼玉県さいたま市大宮区桜木町2-2-10,048-614-8787,無休,月〜日：10：00 〜 20：00,https://tabelog.com/saitama/A1101/A110101/11029393/,tabelog
常盤珈琲焙煎所 大宮氷川参道店,カフェ,埼玉県さいたま市大宮区高鼻町1-173-2,048-783-4883,無休,月〜日：09：00 〜 19：00,https://tabelog.com/saitama/A1101/A110101/11046112/,tabelog
コメダ和喫茶 おかげ庵 大宮東口店,カフェ,埼玉県さいたま市大宮区大門町2-118 大宮門街 １F,048-788-4086,無休,月〜日：07：00 〜 23：00,https://tabelog.com/saitama/A1101/A110101/11064343/,tabelog
WIRED CAFE ルミネ大宮店,カフェ、スイーツ、レストラン,埼玉県さいたま市大宮区錦町630 ルミネ2 3Ｆ,,不定休,掲載なし,https://tabelog.com/saitama/A1101/A110101/11001713/,tabelog
5 CAFE,ハワイ料理、カフェ,埼玉県さいたま市大宮区櫛引町1-880,048-400-3171,無休,掲載なし,https://tabelog.com/saitama/A1101/A110101/11061456/,tabelog
プリン工房 檸檬堂。 大宮本店,プリン、カフェ、洋菓子,埼玉県さいたま市大宮区東町2-87,080-3020-9732,|,掲載なし,https://tabelog.com/saitama/A1101/A110101/11036171/,tabelog
アンデルセン ルミネ大宮店,パン、サンドイッチ、カフェ,埼玉県さいたま市大宮区錦町630 ルミネ大宮2 1F,048-645-4125,無休,"月〜土：10：00 〜 21：00
日・祝日：10：00 〜 20：30",https://tabelog.com/saitama/A1101/A110101/11003879/,tabelog
ドゥミュミュール 樹の音,カフェ,埼玉県さいたま市大宮区天沼町1-63,048-657-2757,無休,金〜日：11：00 〜 17：00,https://tabelog.com/saitama/A1101/A110101/11046232/,tabelog
カフェ 風屋,カフェ,埼玉県さいたま市大宮区上小町603-3,048-648-7333,無休,月・火・木・金：11：30 〜 18：00,https://tabelog.com/saitama/A1101/A110101/11046715/,tabelog
珈琲館 大宮東口店,喫茶店,埼玉県さいたま市大宮区大門町1-26 アイ大宮東ビル 2F,048-871-9965,無休,月〜日：08：00 〜 22：00,https://tabelog.com/saitama/A1101/A110101/11061231/,tabelog
Vege Plat Caffe,カフェ,埼玉県さいたま市大宮区桜木町1-6-2 そごう大宮店 B1F,,不定休,月〜日：10：00 〜 20：00,https://tabelog.com/saitama/A1101/A110101/11059493/,tabelog
カフェボスケ,カフェ、パン、カレー,埼玉県さいたま市大宮区三橋1-1331,048-640-2533,|,掲載なし,https://tabelog.com/saitama/A1101/A110101/11029143/,tabelog
喫茶ルポーズ,喫茶店,埼玉県さいたま市大宮区天沼町1-136-2,048-657-0202,|,月〜金・日・祝日：10：00 〜 16：00,https://tabelog.com/saitama/A1101/A110101/11029667/,tabelog
ブランジェ浅野屋 エキュート大宮ノース店,パン、カフェ,埼玉県さいたま市大宮区錦町630 エキュート大宮,048-871-6390,無休,掲載なし,https://tabelog.com/saitama/A1101/A110101/11056872/,tabelog
リーガルカフェ,カフェ,埼玉県さいたま市大宮区桜木町4-333-13 ＯＬＳビル２Ｆ,048-646-4158,無休,月〜金：10：00 〜 18：00,https://tabelog.com/saitama/A1101/A110101/11004403/,tabelog
のんびりcafe もふ浪漫,カフェ,埼玉県さいたま市大宮区三橋4-980-17 1F,080-8010-5015,無休,月・木〜日：12：00 〜 19：00,https://tabelog.com/saitama/A1101/A110101/11058788/,tabelog
まめやサン,コーヒースタンド,埼玉県さいたま市大宮区桜木町3-113,048-708-1363,無休,掲載なし,https://tabelog.com/saitama/A1101/A110101/11055130/,tabelog
cafe&bar LOCKSTOCK,ダーツ、カフェ、バー,埼玉県さいたま市大宮区桜木町1-175 KGビル 2F,048-788-3144,無休,月〜日：15：00 〜 05：00,https://tabelog.com/saitama/A1101/A110101/11053129/,tabelog
侘助,喫茶店,埼玉県さいたま市大宮区天沼町2-674-1,048-647-6239,|,火〜土：11：00 〜 17：00,https://tabelog.com/saitama/A1101/A110101/11029653/,tabelog
cafe Lautrec,カフェ,埼玉県さいたま市大宮区桜木町1-365-5,048-645-5505,無休,掲載なし,https://tabelog.com/saitama/A1101/A110101/11021278/,tabelog
南回帰線,カフェ,埼玉県さいたま市大宮区吉敷町2-108-8,048-645-5885,無休,月・水〜日：10：00 〜 19：00,https://tabelog.com/saitama/A1101/A110101/11039208/,tabelog
一保堂茶舗 そごう大宮店,カフェ,埼玉県さいたま市大宮区桜木町1-6-2 そごう大宮店 B1F,048-646-2111,無休,月〜日：10：00 〜 20：00,https://tabelog.com/saitama/A1101/A110101/11030540/,tabelog
喫茶室イレーヌ,喫茶店,埼玉県さいたま市大宮区土手町3-203-1 第三小島ビル 2F,048-741-5574,不定休,"月〜日：10：30 〜 17：00
月〜日：17：00 〜 21：00",https://tabelog.com/saitama/A1101/A110101/11046296/,tabelog
アリー コーヒー 焙煎場,カフェ,埼玉県さいたま市大宮区下町 2-72 2F,048-871-6551,無休,月・水〜日：11：00 〜 19：00,https://tabelog.com/saitama/A1101/A110101/11052649/,tabelog
アートカフェ濱田,喫茶店,埼玉県さいたま市大宮区土手町3-80,048-641-0057,無休,掲載なし,https://tabelog.com/saitama/A1101/A110101/11046810/,tabelog
イタリアンバー No Name 346,イタリアン、居酒屋、カフェ,埼玉県さいたま市大宮区宮町2-8-1 corte 1F,048-788-1518,無休,"月〜木・日・祝日：17：00 〜 00：00
金〜日・祝前日：17：00 〜 03：00",https://tabelog.com/saitama/A1101/A110101/11059884/,tabelog
TICO,カフェ、喫茶店,埼玉県さいたま市大宮区大成町3-615-10,048-661-5554,無休,月〜土：10：00 〜 16：00,https://tabelog.com/saitama/A1101/A110101/11033063/,tabelog
フロンティア,ダーツ、カフェ、バー,埼玉県さいたま市大宮区大門町3-50 VIPROYAL氷川台 B1F,,|,月〜土：18：00 〜 03：00,https://tabelog.com/saitama/A1101/A110101/11034165/,tabelog
ぶたのしっぽ,カフェ、洋菓子,埼玉県さいたま市大宮区東町2-54-2 小川コンビニアム 1F,048-856-9339,|,月〜水・金〜日：13：00 〜 18：00,https://tabelog.com/saitama/A1101/A110101/11047576/,tabelog
カラオケ喫茶 粋歌,カフェ,埼玉県さいたま市大宮区高鼻町2-285,,無休,月〜日：12：00 〜 21：00,https://tabelog.com/saitama/A1101/A110101/11044026/,tabelog
大宮ボートハーバー,カフェ,埼玉県さいたま市大宮区高鼻町4 周遊池,070-3200-0716,|,掲載なし,https://tabelog.com/saitama/A1101/A110101/11065205/,tabelog
道化宿珈琲,喫茶店,埼玉県さいたま市大宮区浅間町2-261,090-3845-8462,|,ホ〜ムぺ〜ジにて告知,https://tabelog.com/saitama/A1101/A110101/11060857/,tabelog
Café Fika,カフェ,埼玉県さいたま市大宮区三橋1-993-1,048-662-9371,|,月〜金：11：00 〜 16：00,https://tabelog.com/saitama/A1101/A110101/11066451/,tabelog
ブルプル コクーンシティ店,タピオカ、ジューススタンド,埼玉県さいたま市大宮区吉敷町4-263-1 コクーンシティ cocoon2 1F,048-778-8062,日,月〜日：10：00 〜 21：00,https://tabelog.com/saitama/A1101/A110101/11052764/,tabelog
はなまめカフェ,カフェ、食堂,埼玉県さいたま市大宮区三橋2-903-2,048-871-8186,無休,火・水・金・土：11：00 〜 17：00,https://tabelog.com/saitama/A1101/A110101/11055471/,tabelog
ラウンジソニックホール,カフェ,埼玉県さいたま市大宮区桜木町1-7-2,048-647-4004,無休,掲載なし,https://tabelog.com/saitama/A1101/A110101/11048767/,tabelog
あっぷるはうす,喫茶店、カフェ,埼玉県さいたま市大宮区高鼻町2-285,048-644-9925,日,【営業時間】■,https://tabelog.com/saitama/A1101/A110101/11018425/,tabelog
アフィリア・ブルジュール 大宮店,バー、ダイニングバー、カフェ,埼玉県さいたま市大宮区仲町1-60 アイスビル B1F,048-871-8325,無休,掲載なし,https://tabelog.com/saitama/A1101/A110101/11040141/,tabelog
豆図鑑,カフェ,埼玉県さいたま市大宮区天沼町1-602,048-647-2689,無休,火〜日：10：00 〜 19：00,https://tabelog.com/saitama/A1101/A110101/11039156/,tabelog
ココマンナ 大宮店,クレープ・ガレット、タピオカ,埼玉県さいたま市大宮区桜木町2-3 ダイエー大宮店 B1F,048-778-8850,不定休,月〜日：10：00 〜 21：00,https://tabelog.com/saitama/A1101/A110101/11055483/,tabelog
空,カフェ,埼玉県さいたま市大宮区上小町522,048-644-4086,不定休,【営業時間】■ 営業時間不定■,https://tabelog.com/saitama/A1101/A110101/11038508/,tabelog
Cat Cafe MOFF コクーンシティさいたま新都心店,カフェ,埼玉県さいたま市大宮区吉敷町4-263-1 コクーンシティ コクーン2 3F,048-871-7739,『コク〜ンシティ』の定休日に準ずる,月〜日：10：00 〜 20：00,https://tabelog.com/saitama/A1101/A110101/11064626/,tabelog
Art cafe Linden,カフェ,埼玉県さいたま市大宮区堀の内町3-359-17 1F,048-646-0876,|,水〜日：11：00 〜 17：00,https://tabelog.com/saitama/A1101/A110101/11036905/,tabelog
COFFEE B-1,喫茶店,埼玉県さいたま市大宮区大門町2-86 B1F,048-644-1161,無休,掲載なし,https://tabelog.com/saitama/A1101/A110101/11062150/,tabelog
ドトールコーヒーショップ 自治医大さいたま医療センター店,カフェ,埼玉県さいたま市大宮区天沼町1-847,070-2634-3821,無休,月〜金：08：00 〜 18：00,https://tabelog.com/saitama/A1101/A110101/11066826/,tabelog
BLUE GATE,カフェ,埼玉県さいたま市大宮区大門町3-108 クロックキッチン氷川参道店 2F,,|,水・木：11：30 〜 14：00,https://tabelog.com/saitama/A1101/A110101/11066529/,tabelog
Cafe タカハナ,カフェ,埼玉県さいたま市大宮区高鼻町1-107-1,,無休,月〜日：10：30 〜 16：00,https://tabelog.com/saitama/A1101/A110101/11065170/,tabelog
DELICO cafe,コーヒースタンド,埼玉県さいたま市大宮区東町1-3,,無休,"月・日：08：30 〜 18：00
水〜土：09：00 〜 17：00",https://tabelog.com/saitama/A1101/A110101/11063480/,tabelog
ベーグル ラパン チューズデイ,スープカレー、カフェ、ベーグル,埼玉県さいたま市大宮区浅間町2-45-2,,無休,火：11：00 〜 15：00,https://tabelog.com/saitama/A1101/A110101/11053451/,tabelog
スタジオM,喫茶店,埼玉県さいたま市大宮区土手町3-134,048-641-2829,無休,水〜日：11：30 〜 22：00,https://tabelog.com/saitama/A1101/A110101/11060503/,tabelog
LEMONADE by Lemonica 大宮ラクーン店,ジューススタンド,埼玉県さいたま市大宮区宮町1-60 大宮ラクーン 1F,048-658-9559,無休,月〜日：11：00 〜 21：00,https://tabelog.com/saitama/A1101/A110101/11063567/,tabelog
珈琲すばる,喫茶店,埼玉県さいたま市大宮区上小町875,,無休,掲載なし,https://tabelog.com/saitama/A1101/A110101/11063326/,tabelog
M's SQUARE,カフェ、パン,埼玉県さいたま市大宮区桜木町1-10-8 武蔵野銀行本社ビル 2F,048-641-6111,無休,月〜金：10：00 〜 16：00,https://tabelog.com/saitama/A1101/A110101/11056951/,tabelog
マハロカフェ,カフェ,埼玉県さいたま市大宮区天沼町2-759 さいたまメディカルタウン 2F,048-642-8408,無休,月〜土：10：00 〜 17：00,https://tabelog.com/saitama/A1101/A110101/11064639/,tabelog
喫茶つやま,喫茶店、日本料理,埼玉県さいたま市大宮区三橋3-134-4,048-648-0348,無休,火〜日：10：00 〜 18：00,https://tabelog.com/saitama/A1101/A110101/11004407/,tabelog
スイート庵,喫茶店,埼玉県さいたま市大宮区寿能町1-80-1,,無休,月〜日：10：30 〜 17：00,https://tabelog.com/saitama/A1101/A110101/11064400/,tabelog
本と喫茶 夢中飛行,喫茶店,埼玉県さいたま市大宮区高鼻町1-56 ｋs氷川の杜 2F,,無休,月・木〜日：11：00 〜 18：00,https://tabelog.com/saitama/A1101/A110101/11063488/,tabelog
くら馬 cafe,カフェ、スイーツ,埼玉県さいたま市大宮区三橋1-727-2,048-778-8671,|,火〜日：14：00 〜 17：00,https://tabelog.com/saitama/A1101/A110101/11044304/,tabelog
PUG アルシェ大宮POP-UP,スイーツ、カフェ,埼玉県さいたま市大宮区桜木町2-1-1 アルシェ大宮 2F,,無休,翌日が祝日の場合は 21：00まで,https://tabelog.com/saitama/A1101/A110101/11066557/,tabelog
Lyon Wellfieid Cafe,カフェ,埼玉県さいたま市大宮区桜木町4-928,048-643-4445,無休,火〜土：10：30 〜 20：00,https://tabelog.com/saitama/A1101/A110101/11056930/,tabelog
エヌズドール＆カフェ,カフェ,埼玉県さいたま市大宮区三橋3-232-1,048-708-2683,無休,"火〜金：11：30 〜 20：30
土：12：30 〜 20：30",https://tabelog.com/saitama/A1101/A110101/11050113/,tabelog
OttO,カフェ、その他,埼玉県さいたま市大宮区桜木町1-345,048-871-8286,無休,掲載なし,https://tabelog.com/saitama/A1101/A110101/11065216/,tabelog
ジェラフル 大宮ラクーン店,クレープ・ガレット、タピオカ,埼玉県さいたま市大宮区宮町1-60 大宮ラクーン 1F,090-4720-3657,無休,掲載なし,https://tabelog.com/saitama/A1101/A110101/11061635/,tabelog
コーヒーサロンVIVI,喫茶店,埼玉県さいたま市大宮区堀の内町1-101,048-648-5445,無休,火〜土：10：00 〜 18：00,https://tabelog.com/saitama/A1101/A110101/11013480/,tabelog
cafe enising,カフェ,埼玉県さいたま市大宮区天沼町1-621-251,,無休,掲載なし,https://tabelog.com/saitama/A1101/A110101/11064869/,tabelog
コクーンアスレチックス,カフェ,埼玉県さいたま市大宮区吉敷町4-241-2 コクーンシティ,,|,"月〜水・金：09：00 〜 21：00
土・日・祝日：09：00 〜 18：00",https://tabelog.com/saitama/A1101/A110101/11045593/,tabelog
GOOD THE GOOD,カフェ,埼玉県さいたま市大宮区北袋町2-424 コーフク本社ビル 1F,048-606-4254,無休,月〜金：11：00 〜 16：00,https://tabelog.com/saitama/A1101/A110101/11067602/,tabelog
雑穀と醗酵オーガニックカフェ 花笑み,カフェ,埼玉県さいたま市大宮区三橋2-975-1,048-637-3364,無休,火・水・金：12：00 〜 16：30,https://tabelog.com/saitama/A1101/A110101/11044316/,tabelog